0:0:0:0:0:0:0:1,0:0:0:0:0:0:0:1,2024-09-11,04:54:11,g
0:0:0:0:0:0:0:1,0:0:0:0:0:0:0:1,2024-09-11,04:54:25,hello
0:0:0:0:0:0:0:1,0:0:0:0:0:0:0:1,2024-09-11,04:54:29,hi there
0:0:0:0:0:0:0:1,0:0:0:0:0:0:0:1,2024-09-11,04:54:30,fads
0:0:0:0:0:0:0:1,0:0:0:0:0:0:0:1,2024-09-11,04:54:30,sadf
0:0:0:0:0:0:0:1,0:0:0:0:0:0:0:1,2024-09-11,04:54:30,asdf
0:0:0:0:0:0:0:1,0:0:0:0:0:0:0:1,2024-09-11,04:54:31,fd
0:0:0:0:0:0:0:1,0:0:0:0:0:0:0:1,2024-09-11,04:54:31,afs
0:0:0:0:0:0:0:1,0:0:0:0:0:0:0:1,2024-09-11,04:54:32,fasd
0:0:0:0:0:0:0:1,0:0:0:0:0:0:0:1,2024-09-11,04:54:32,fsad
0:0:0:0:0:0:0:1,0:0:0:0:0:0:0:1,2024-09-11,04:54:33,fsda
0:0:0:0:0:0:0:1,0:0:0:0:0:0:0:1,2024-09-11,04:54:33,s
0:0:0:0:0:0:0:1,0:0:0:0:0:0:0:1,2024-09-11,04:54:33,da
0:0:0:0:0:0:0:1,0:0:0:0:0:0:0:1,2024-09-11,04:58:04,gd
0:0:0:0:0:0:0:1,0:0:0:0:0:0:0:1,2024-09-11,04:58:05,afsd
0:0:0:0:0:0:0:1,0:0:0:0:0:0:0:1,2024-09-11,04:58:06,fas
0:0:0:0:0:0:0:1,0:0:0:0:0:0:0:1,2024-09-11,04:58:06,afsd
0:0:0:0:0:0:0:1,0:0:0:0:0:0:0:1,2024-09-11,04:58:39,adfs
0:0:0:0:0:0:0:1,0:0:0:0:0:0:0:1,2024-09-11,04:58:40,sdfa
0:0:0:0:0:0:0:1,0:0:0:0:0:0:0:1,2024-09-11,04:58:40,sdfa
0:0:0:0:0:0:0:1,0:0:0:0:0:0:0:1,2024-09-11,04:58:45,saㄴㅇㅁㄹㅁㄴㅇㄹㅁㄹㄴㅇㅇㄴㅁㄹㅁㄹㄴㅇㄴㄹㅇ
0:0:0:0:0:0:0:1,0:0:0:0:0:0:0:1,2024-09-11,04:58:54,ㄴㅁㅇㄹㅁㄹㄴㅇ
0:0:0:0:0:0:0:1,0:0:0:0:0:0:0:1,2024-09-11,04:58:54,ㄴㅇㅁㄹ
0:0:0:0:0:0:0:1,0:0:0:0:0:0:0:1,2024-09-11,04:58:55,ㄴㅁㅇ
0:0:0:0:0:0:0:1,0:0:0:0:0:0:0:1,2024-09-11,04:58:55,ㄴㅁㄹㅇ
0:0:0:0:0:0:0:1,0:0:0:0:0:0:0:1,2024-09-11,04:58:55,ㄹㄴㅇㅁ
0:0:0:0:0:0:0:1,0:0:0:0:0:0:0:1,2024-09-11,04:58:56,ㄴㅇㅁㄹ
0:0:0:0:0:0:0:1,0:0:0:0:0:0:0:1,2024-09-11,04:58:56,ㅁㄴㄹ
0:0:0:0:0:0:0:1,0:0:0:0:0:0:0:1,2024-09-11,04:58:56,ㄴㅁㄹㅇ
0:0:0:0:0:0:0:1,0:0:0:0:0:0:0:1,2024-09-11,05:04:48,hi
0:0:0:0:0:0:0:1,0:0:0:0:0:0:0:1,2024-09-11,05:04:50,hello
0:0:0:0:0:0:0:1,0:0:0:0:0:0:0:1,2024-09-11,05:04:51,fasd
0:0:0:0:0:0:0:1,0:0:0:0:0:0:0:1,2024-09-11,05:04:51,afs
0:0:0:0:0:0:0:1,0:0:0:0:0:0:0:1,2024-09-11,05:04:52,fas
0:0:0:0:0:0:0:1,0:0:0:0:0:0:0:1,2024-09-11,05:05:01,hello there???
0:0:0:0:0:0:0:1,0:0:0:0:0:0:0:1,2024-09-11,05:05:15,fasd
0:0:0:0:0:0:0:1,0:0:0:0:0:0:0:1,2024-09-11,05:05:15,afsd
0:0:0:0:0:0:0:1,0:0:0:0:0:0:0:1,2024-09-11,05:05:16,afsd
0:0:0:0:0:0:0:1,0:0:0:0:0:0:0:1,2024-10-12,03:11:25,Hello
0:0:0:0:0:0:0:1,0:0:0:0:0:0:0:1,2024-10-12,03:11:26,WOrld
